insert into author values (101, 'Bobby', 'Ewing');
insert into phone values ('970-555-1000(c)', 'unknown');
insert into phone_owner values ('970-555-1000(c)', 'author', 101);
insert into author values (102, 'Red', 'Skelton');
insert into author values (201, 'Thomas', 'Magnum');
insert into author values (202, 'Julie', 'Barnes');
insert into phone values ('303-555-1200(h)', 'unknown');
insert into phone_owner values ('303-555-1200(h)', 'author', 202);
insert into author values (203, 'Roger', 'Ramjet');
insert into author values (204, 'Mickey', 'Hart');
insert into author values (205, 'Grace', 'Slick');
insert into author values (206, 'Perry', 'Mason');
insert into author values (207, 'Dickey', 'Betts');
insert into author values (208, 'Waco', 'Kid');
insert into author values (209, 'Roger', 'Thornhill');
insert into phone values ('970-555-2000(h)', 'unknown');
insert into phone_owner values ('970-555-2000(h)', 'author', 209);
insert into author values (210, 'Scottie', 'Ferguson');
insert into author values (301, 'Barbara', 'Wright');
insert into author values (302, 'John', 'Crichton');
insert into author values (303, 'Aeon', 'Flux');
insert into phone values ('970-555-2400(h)', 'unknown');
insert into phone_owner values ('970-555-2400(h)', 'author', 303);
insert into author values (304, 'Robert', 'Crawley');
insert into phone values ('970-555-2400(h)', 'unknown');
insert into phone_owner values ('970-555-2400(h)', 'author', 304);
insert into publisher values (10000, 'Wiley');
insert into publisher values (10001, 'McGraw-Hill');
insert into publisher values (10002, 'Coyote Publishing');
insert into publisher values (10003, 'Amazon');
insert into publisher values (10004, 'Jerrys Ice Cream');
insert into publisher values (10005, 'Buy a Boat');
insert into publisher values (10006, 'Flagstaff Publishing');
insert into phone values ('970-555-5060(o)', 'unknown');
insert into phone_owner values ('970-555-5060(o)', 'publisher', 10006);
insert into publisher values (10007, 'Ram West');
insert into book (isbn, title, pub_id, year_published) values ('96-42103-10001', 'How to Grow Tomatoes', 10006, '1963-02-10');
insert into book (isbn, title, pub_id, year_published) values ('96-42103-10002', 'Mr. Smith Goes to Washington', 10007, '2010-03-23');
insert into book (isbn, title, pub_id, year_published) values ('96-42103-10003', 'Studying is Your Friend', 10000, '1955-04-11');
insert into book (isbn, title, pub_id, year_published) values ('96-42103-10004', 'To Have and To Cherish', 10003, '2011-06-01');
insert into book (isbn, title, pub_id, year_published) values ('96-42103-10005', 'Hal Finds a Home', 10003, '2001-03-15');
insert into book (isbn, title, pub_id, year_published) values ('96-42103-10006', 'Last Train to Clarksville', 10004, '1999-10-30');
insert into book (isbn, title, pub_id, year_published) values ('96-42103-10007', 'How to Digitally Sign', 10004, '2003-11-21');
insert into book (isbn, title, pub_id, year_published) values ('96-42103-10008', 'Sam Needs a Friend', 10005, '2013-12-23');
insert into book (isbn, title, pub_id, year_published) values ('96-42103-10009', 'Downton Abbey', 10002, '2005-12-14');
insert into book (isbn, title, pub_id, year_published) values ('96-42103-10011', ' Database Theory', 10001, '2010-01-14');
insert into book (isbn, title, pub_id, year_published) values ('96-42103-10022', 'Challenging Puzzles', 10001, '1988-03-15');
insert into book (isbn, title, pub_id, year_published) values ('96-42103-10033', 'American Football', 10006, '2011-02-08');
insert into book (isbn, title, pub_id, year_published) values ('96-42103-10034', 'European Football', 10003, '2015-08-08');
insert into book (isbn, title, pub_id, year_published) values ('96-42103-10040', 'Where to Start', 10003, '2012-05-09');
insert into book (isbn, title, pub_id, year_published) values ('96-42103-10054', 'Lacey Discovers Herself', 10002, '2013-06-12');
insert into book (isbn, title, pub_id, year_published) values ('96-42103-10068', 'Mr. Ed', 10001, '2009-09-03');
insert into book (isbn, title, pub_id, year_published) values ('96-42103-10081', 'Escape from Gilligans Island', 10000, '2009-03-29');
insert into book (isbn, title, pub_id, year_published) values ('96-42103-10093', 'Fixing Computers', 10000, '2010-01-29');
insert into book (isbn, title, pub_id, year_published) values ('96-42103-10109', 'Red Burn', 10000, '2011-01-20');
insert into book (isbn, title, pub_id, year_published) values ('96-42103-10206', 'Taks McGrill', 10003, '2000-02-21');
insert into book (isbn, title, pub_id, year_published) values ('96-42103-10300', 'Eating Healthy', 10004, '1999-02-16');
insert into book (isbn, title, pub_id, year_published) values ('96-42103-10401', 'How to Grow Cucumbers', 10006, '1945-03-14');
insert into book (isbn, title, pub_id, year_published) values ('96-42103-10502', 'Gardening Tips', 10007, '1973-08-16');
insert into book (isbn, title, pub_id, year_published) values ('96-42103-10604', 'Using the Library', 10003, '1993-09-09');
insert into book (isbn, title, pub_id, year_published) values ('96-42103-10709', 'Too Many Cooks', 10006, '1983-01-03');
insert into book (isbn, title, pub_id, year_published) values ('96-42103-10800', 'Green is Your Friend', 10006, '2000-03-22');
insert into book (isbn, title, pub_id, year_published) values ('96-42103-10907', 'Cubs Win!', 10002, '2005-06-02');
insert into book (isbn, title, pub_id, year_published) values ('96-42103-11003', 'Missing Tomorrow', 10001, '2005-09-01');
insert into book_author (isbn, author_id) values ('96-42103-10001', 101);
insert into book_author (isbn, author_id) values ('96-42103-10001', 208);
insert into book_author (isbn, author_id) values ('96-42103-10002', 102);
insert into book_author (isbn, author_id) values ('96-42103-10003', 203);
insert into book_author (isbn, author_id) values ('96-42103-10003', 201);
insert into book_author (isbn, author_id) values ('96-42103-10004', 209);
insert into book_author (isbn, author_id) values ('96-42103-10004', 302);
insert into book_author (isbn, author_id) values ('96-42103-10004', 304);
insert into book_author (isbn, author_id) values ('96-42103-10005', 204);
insert into book_author (isbn, author_id) values ('96-42103-10006', 101);
insert into book_author (isbn, author_id) values ('96-42103-10007', 102);
insert into book_author (isbn, author_id) values ('96-42103-10007', 302);
insert into book_author (isbn, author_id) values ('96-42103-10008', 209);
insert into book_author (isbn, author_id) values ('96-42103-10008', 210);
insert into book_author (isbn, author_id) values ('96-42103-10008', 301);
insert into book_author (isbn, author_id) values ('96-42103-10009', 304);
insert into book_author (isbn, author_id) values ('96-42103-10011', 207);
insert into book_author (isbn, author_id) values ('96-42103-10011', 208);
insert into book_author (isbn, author_id) values ('96-42103-10022', 203);
insert into book_author (isbn, author_id) values ('96-42103-10033', 202);
insert into book_author (isbn, author_id) values ('96-42103-10034', 202);
insert into book_author (isbn, author_id) values ('96-42103-10040', 205);
insert into book_author (isbn, author_id) values ('96-42103-10040', 203);
insert into book_author (isbn, author_id) values ('96-42103-10054', 201);
insert into book_author (isbn, author_id) values ('96-42103-10054', 202);
insert into book_author (isbn, author_id) values ('96-42103-10068', 210);
insert into book_author (isbn, author_id) values ('96-42103-10081', 101);
insert into book_author (isbn, author_id) values ('96-42103-10081', 204);
insert into book_author (isbn, author_id) values ('96-42103-10093', 102);
insert into book_author (isbn, author_id) values ('96-42103-10109', 304);
insert into book_author (isbn, author_id) values ('96-42103-10109', 208);
insert into book_author (isbn, author_id) values ('96-42103-10206', 210);
insert into book_author (isbn, author_id) values ('96-42103-10206', 301);
insert into book_author (isbn, author_id) values ('96-42103-10300', 207);
insert into book_author (isbn, author_id) values ('96-42103-10300', 208);
insert into book_author (isbn, author_id) values ('96-42103-10401', 101);
insert into book_author (isbn, author_id) values ('96-42103-10401', 203);
insert into book_author (isbn, author_id) values ('96-42103-10502', 201);
insert into book_author (isbn, author_id) values ('96-42103-10502', 202);
insert into book_author (isbn, author_id) values ('96-42103-10604', 201);
insert into book_author (isbn, author_id) values ('96-42103-10709', 303);
insert into book_author (isbn, author_id) values ('96-42103-10709', 201);
insert into book_author (isbn, author_id) values ('96-42103-10800', 301);
insert into book_author (isbn, author_id) values ('96-42103-10800', 302);
insert into book_author (isbn, author_id) values ('96-42103-10907', 102);
insert into book_author (isbn, author_id) values ('96-42103-10907', 301);
insert into book_author (isbn, author_id) values ('96-42103-11003', 204);
insert into book_author (isbn, author_id) values ('96-42103-11003', 205);
insert into book_author (isbn, author_id) values ('96-42103-11003', 206);
insert into book_author (isbn, author_id) values ('96-42103-11003', 207);
insert into member values (1000, Wiley, Coyote, 1961-09-10);
insert into member values (1100, Bugs, Bunny, 1990-06-24);
insert into member values (1200, Olive, Oyl, 1989-07-19);
insert into member values (1300, Alice, Wonderland, 1989-07-19);
insert into member values (1400, Roger, Ramjet, 1985-01-13);
insert into member values (1500, Larry, Lujack, 1940-06-06);
insert into member values (1600, Thomas, Tankengine, 1991-04-01);
insert into member values (1700, Amber, Corwin, 1970-12-01);
insert into member values (1800, Dworkin, Barimen, 1950-12-02);
insert into member values (1900, Bel, Garion, 1983-01-01);
insert into member values (2000, Pol, Gara, 1963-01-10);
insert into member values (2001, Art, Clark, 2001-12-06);
insert into member values (2002, Edith, Crawley, 1962-09-04);
insert into member values (2003, John, Bates, 2001-12-12);
insert into member values (2004, Thomas, Barrow, 2005-05-05);
insert into member values (2005, John, Watson, 1975-02-22);
insert into member values (2006, Jim, Moriarty, 1967-03-12);
insert into member values (2007, Walter, White, 1983-05-14);
insert into member values (2008, Skyler, White, 1983-04-12);
insert into member values (2009, Dexter, Morgan, 1994-07-11);
insert into member values (2010, Rita, Bennett, 2001-11-12);
insert into member values (2011, Sun, Kwon, 1988-10-19);
insert into member values (2012, John, Locke, 2000-01-01);
insert into member values (2013, Clair, Littleton, 2001-02-01);
insert into member values (2015, Claire, Bennet, 2001-03-11);
insert into member values (2016, Mohinder, Suresh, 1993-04-15);
insert into member values (2017, Chloe, Sullivan, 2007-05-16);
insert into member values (2018, Martha, Kent, 1954-02-13);
insert into member values (2019, Paige, Matthews, 1977-03-16);
insert into member values (2020, Leo, Wyatt, 2000-10-01);
insert into member values (2021, Buffy, Summers, 2000-05-26);
insert into member values (2022, Xander, Harris, 2001-06-23);
insert into borrowed (member_id, isbn, checkout_date, checkin_date) values (1100, '96-42103-10604', '2016-04-13', '2016-04-17');
insert into borrowed (member_id, isbn, checkout_date, checkin_date) values (1100, '96-42103-10604', '2016-03-09', '2016-03-10');
insert into borrowed (member_id, isbn, checkout_date, checkin_date) values (1100, '96-42103-10003', '2016-03-23', '2016-03-24');
insert into borrowed (member_id, isbn, checkout_date, checkin_date) values (1100, '96-42103-10401', '2016-05-14', '2016-05-16');
insert into borrowed (member_id, isbn, checkout_date, checkin_date) values (1100, '96-42103-10001', '2016-04-27', '2016-04-30');
insert into borrowed (member_id, isbn, checkout_date, checkin_date) values (1100, '96-42103-10040', '2016-05-16', '2016-05-16');
insert into borrowed (member_id, isbn, checkout_date, checkin_date) values (1100, '96-42103-10709', '2016-05-18', '2016-05-21');
insert into borrowed (member_id, isbn, checkout_date, checkin_date) values (1100, '96-42103-10081', '2016-03-15', '2016-03-17');
insert into borrowed (member_id, isbn, checkout_date, checkin_date) values (1200, '96-42103-10081', '2016-04-10', '2016-04-16');
insert into borrowed (member_id, isbn, checkout_date, checkin_date) values (1200, '96-42103-10093', '2016-03-27', '2016-03-29');
insert into borrowed (member_id, isbn, checkout_date, checkin_date) values (1200, '96-42103-10109', '2016-04-15', '2016-04-18');
insert into borrowed (member_id, isbn, checkout_date, checkin_date) values (1300, '96-42103-10022', '2016-03-09', '2016-03-10');
insert into borrowed (member_id, isbn, checkout_date, checkin_date) values (1300, '96-42103-10206', '2016-05-11', '2016-05-14');
insert into borrowed (member_id, isbn, checkout_date, checkin_date) values (1300, '96-42103-10007', '2016-05-11', '2016-05-12');
insert into borrowed (member_id, isbn, checkout_date, checkin_date) values (1300, '96-42103-10001', '2016-03-28', '2016-04-04');
insert into borrowed (member_id, isbn, checkout_date, checkin_date) values (1300, '96-42103-10008', '2016-04-20', '2016-04-26');
insert into borrowed (member_id, isbn, checkout_date, checkin_date) values (1400, '96-42103-10033', '2016-03-26', '2016-03-29');
insert into borrowed (member_id, isbn, checkout_date, checkin_date) values (1400, '96-42103-10800', '2016-03-04', '2016-03-06');
insert into borrowed (member_id, isbn, checkout_date, checkin_date) values (1400, '96-42103-10008', '2016-05-24', '2016-05-29');
insert into borrowed (member_id, isbn, checkout_date, checkin_date) values (1400, '96-42103-10007', '2016-05-06', '2016-05-11');
insert into borrowed (member_id, isbn, checkout_date, checkin_date) values (1400, '96-42103-11003', '2016-03-05', '2016-03-10');
insert into borrowed (member_id, isbn, checkout_date, checkin_date) values (1400, '96-42103-10022', '2016-03-04', '2016-03-07');
insert into borrowed (member_id, isbn, checkout_date, checkin_date) values (1500, '96-42103-10004', '2016-05-14', '2016-05-16');
insert into borrowed (member_id, isbn, checkout_date, checkin_date) values (1500, '96-42103-10800', '2016-04-02', '2016-04-05');
insert into borrowed (member_id, isbn, checkout_date, checkin_date) values (1600, '96-42103-10206', '2016-05-21', '2016-05-27');
insert into borrowed (member_id, isbn, checkout_date, checkin_date) values (1600, '96-42103-10002', '2016-05-04', '2016-05-09');
insert into borrowed (member_id, isbn, checkout_date, checkin_date) values (1600, '96-42103-10011', '2016-03-20', '2016-03-20');
insert into borrowed (member_id, isbn, checkout_date, checkin_date) values (1600, '96-42103-10800', '2016-05-10', '2016-05-13');
insert into borrowed (member_id, isbn, checkout_date, checkin_date) values (1600, '96-42103-10300', '2016-03-22', '2016-03-24');
insert into borrowed (member_id, isbn, checkout_date, checkin_date) values (1700, '96-42103-10040', '2016-05-18', '2016-05-21');
insert into borrowed (member_id, isbn, checkout_date, checkin_date) values (1700, '96-42103-10604', '2016-04-17', '2016-04-18');
insert into borrowed (member_id, isbn, checkout_date, checkin_date) values (1700, '96-42103-11003', '2016-04-17', '2016-04-20');
insert into borrowed (member_id, isbn, checkout_date, checkin_date) values (1700, '96-42103-10004', '2016-04-05', '2016-04-11');
insert into borrowed (member_id, isbn, checkout_date, checkin_date) values (1700, '96-42103-10081', '2016-03-05', '2016-03-08');
insert into borrowed (member_id, isbn, checkout_date, checkin_date) values (1700, '96-42103-10800', '2016-04-22', '2016-04-28');
insert into borrowed (member_id, isbn, checkout_date, checkin_date) values (1800, '96-42103-10011', '2016-04-25', '2016-04-26');
insert into borrowed (member_id, isbn, checkout_date, checkin_date) values (1900, '96-42103-10008', '2016-05-01', '2016-05-01');
insert into borrowed (member_id, isbn, checkout_date, checkin_date) values (2000, '96-42103-10093', '2016-04-12', '2016-04-12');
insert into borrowed (member_id, isbn, checkout_date, checkin_date) values (2000, '96-42103-10005', '2016-05-17', '2016-05-21');
insert into borrowed (member_id, isbn, checkout_date, checkin_date) values (2000, '96-42103-10109', '2016-05-09', '2016-05-11');
insert into borrowed (member_id, isbn, checkout_date, checkin_date) values (2000, '96-42103-10006', '2016-05-08', '2016-05-11');
insert into borrowed (member_id, isbn, checkout_date, checkin_date) values (2001, '96-42103-10040', '2016-04-22', '2016-04-25');
insert into borrowed (member_id, isbn, checkout_date, checkin_date) values (2002, '96-42103-10040', '2016-05-22', '2016-05-27');
insert into borrowed (member_id, isbn, checkout_date, checkin_date) values (2002, '96-42103-10008', '2016-04-21', '2016-04-25');
insert into borrowed (member_id, isbn, checkout_date, checkin_date) values (2002, '96-42103-10081', '2016-03-04', '2016-03-06');
insert into borrowed (member_id, isbn, checkout_date, checkin_date) values (2002, '96-42103-10006', '2016-04-27', '2016-05-02');
insert into borrowed (member_id, isbn, checkout_date, checkin_date) values (2003, '96-42103-10040', '2016-04-09', '2016-04-14');
insert into borrowed (member_id, isbn, checkout_date, checkin_date) values (2003, '96-42103-10033', '2016-03-14', '2016-03-15');
insert into borrowed (member_id, isbn, checkout_date, checkin_date) values (2003, '96-42103-10068', '2016-04-12', '2016-04-16');
insert into borrowed (member_id, isbn, checkout_date, checkin_date) values (2004, '96-42103-10800', '2016-05-13', '2016-05-17');
insert into borrowed (member_id, isbn, checkout_date, checkin_date) values (2004, '96-42103-10040', '2016-04-27', '2016-05-02');
insert into borrowed (member_id, isbn, checkout_date, checkin_date) values (2004, '96-42103-10007', '2016-04-21', '2016-04-23');
insert into borrowed (member_id, isbn, checkout_date, checkin_date) values (2004, '96-42103-10907', '2016-05-09', '2016-05-10');
insert into borrowed (member_id, isbn, checkout_date, checkin_date) values (2004, '96-42103-10800', '2016-05-24', '2016-05-28');
insert into borrowed (member_id, isbn, checkout_date, checkin_date) values (2005, '96-42103-10011', '2016-04-20', '2016-04-22');
insert into borrowed (member_id, isbn, checkout_date, checkin_date) values (2006, '96-42103-10800', '2016-04-04', '2016-04-04');
insert into borrowed (member_id, isbn, checkout_date, checkin_date) values (2007, '96-42103-10709', '2016-03-13', '2016-03-17');
insert into borrowed (member_id, isbn, checkout_date, checkin_date) values (2007, '96-42103-10033', '2016-03-19', '2016-03-24');
insert into borrowed (member_id, isbn, checkout_date, checkin_date) values (2007, '96-42103-10068', '2016-04-19', '2016-04-20');
insert into borrowed (member_id, isbn, checkout_date, checkin_date) values (2008, '96-42103-10502', '2016-03-12', '2016-03-14');
insert into borrowed (member_id, isbn, checkout_date, checkin_date) values (2008, '96-42103-11003', '2016-04-04', '2016-04-08');
insert into borrowed (member_id, isbn, checkout_date, checkin_date) values (2009, '96-42103-10022', '2016-03-24', '2016-03-30');
insert into borrowed (member_id, isbn, checkout_date, checkin_date) values (2009, '96-42103-10709', '2016-04-12', '2016-04-15');
insert into borrowed (member_id, isbn, checkout_date, checkin_date) values (2009, '96-42103-10022', '2016-04-10', '2016-04-10');
insert into borrowed (member_id, isbn, checkout_date, checkin_date) values (2009, '96-42103-10009', '2016-03-20', '2016-03-22');
insert into borrowed (member_id, isbn, checkout_date, checkin_date) values (2009, '96-42103-10033', '2016-04-30', '2016-05-02');
insert into borrowed (member_id, isbn, checkout_date, checkin_date) values (2009, '96-42103-10007', '2016-03-07', '2016-03-13');
insert into borrowed (member_id, isbn, checkout_date, checkin_date) values (2009, '96-42103-10002', '2016-04-12', '2016-04-13');
insert into borrowed (member_id, isbn, checkout_date, checkin_date) values (2009, '96-42103-10709', '2016-04-30', '2016-05-03');
insert into borrowed (member_id, isbn, checkout_date, checkin_date) values (2009, '96-42103-10054', '2016-04-29', '2016-05-02');
insert into borrowed (member_id, isbn, checkout_date, checkin_date) values (2011, '96-42103-10093', '2016-04-20', '2016-04-20');
insert into borrowed (member_id, isbn, checkout_date, checkin_date) values (2011, '96-42103-10011', '2016-03-09', '2016-03-11');
insert into borrowed (member_id, isbn, checkout_date, checkin_date) values (2011, '96-42103-10081', '2016-03-15', '2016-03-20');
insert into borrowed (member_id, isbn, checkout_date, checkin_date) values (2011, '96-42103-10800', '2016-05-29', null);
insert into borrowed (member_id, isbn, checkout_date, checkin_date) values (2011, '96-42103-11003', '2016-03-06', '2016-03-08');
insert into borrowed (member_id, isbn, checkout_date, checkin_date) values (2011, '96-42103-10040', '2016-03-10', '2016-03-16');
insert into borrowed (member_id, isbn, checkout_date, checkin_date) values (2012, '96-42103-10009', '2016-03-28', '2016-03-29');
insert into borrowed (member_id, isbn, checkout_date, checkin_date) values (2012, '96-42103-10006', '2016-03-24', '2016-03-28');
insert into borrowed (member_id, isbn, checkout_date, checkin_date) values (2012, '96-42103-11003', '2016-04-04', '2016-04-09');
insert into borrowed (member_id, isbn, checkout_date, checkin_date) values (2012, '96-42103-10008', '2016-04-26', '2016-04-28');
insert into borrowed (member_id, isbn, checkout_date, checkin_date) values (2012, '96-42103-10002', '2016-05-27', null);
insert into borrowed (member_id, isbn, checkout_date, checkin_date) values (2013, '96-42103-10008', '2016-04-19', '2016-04-23');
insert into borrowed (member_id, isbn, checkout_date, checkin_date) values (2013, '96-42103-10054', '2016-03-26', '2016-03-29');
insert into borrowed (member_id, isbn, checkout_date, checkin_date) values (2013, '96-42103-10033', '2016-05-17', '2016-05-21');
insert into borrowed (member_id, isbn, checkout_date, checkin_date) values (2015, '96-42103-10009', '2016-03-15', '2016-03-19');
insert into borrowed (member_id, isbn, checkout_date, checkin_date) values (2016, '96-42103-10033', '2016-04-28', '2016-04-30');
insert into borrowed (member_id, isbn, checkout_date, checkin_date) values (2016, '96-42103-10907', '2016-04-22', '2016-04-28');
insert into borrowed (member_id, isbn, checkout_date, checkin_date) values (2016, '96-42103-10206', '2016-05-09', '2016-05-14');
insert into borrowed (member_id, isbn, checkout_date, checkin_date) values (2016, '96-42103-10907', '2016-03-06', '2016-03-08');
insert into borrowed (member_id, isbn, checkout_date, checkin_date) values (2016, '96-42103-10907', '2016-03-21', '2016-03-22');
insert into borrowed (member_id, isbn, checkout_date, checkin_date) values (2016, '96-42103-10001', '2016-04-07', '2016-04-08');
insert into borrowed (member_id, isbn, checkout_date, checkin_date) values (2016, '96-42103-10206', '2016-05-15', '2016-05-15');
insert into borrowed (member_id, isbn, checkout_date, checkin_date) values (2017, '96-42103-10709', '2016-04-20', '2016-04-25');
insert into borrowed (member_id, isbn, checkout_date, checkin_date) values (2017, '96-42103-10300', '2016-05-20', '2016-05-26');
insert into borrowed (member_id, isbn, checkout_date, checkin_date) values (2017, '96-42103-10093', '2016-03-19', '2016-03-23');
insert into borrowed (member_id, isbn, checkout_date, checkin_date) values (2017, '96-42103-10300', '2016-05-01', '2016-05-05');
insert into borrowed (member_id, isbn, checkout_date, checkin_date) values (2017, '96-42103-10004', '2016-03-14', '2016-03-16');
insert into borrowed (member_id, isbn, checkout_date, checkin_date) values (2018, '96-42103-10033', '2016-03-05', '2016-03-07');
insert into borrowed (member_id, isbn, checkout_date, checkin_date) values (2018, '96-42103-10004', '2016-03-25', '2016-03-27');
insert into borrowed (member_id, isbn, checkout_date, checkin_date) values (2018, '96-42103-10907', '2016-03-16', '2016-03-20');
insert into borrowed (member_id, isbn, checkout_date, checkin_date) values (2018, '96-42103-10008', '2016-05-10', '2016-05-10');
insert into borrowed (member_id, isbn, checkout_date, checkin_date) values (2018, '96-42103-10033', '2016-04-01', '2016-04-07');
insert into borrowed (member_id, isbn, checkout_date, checkin_date) values (2018, '96-42103-10300', '2016-04-05', '2016-04-10');
insert into borrowed (member_id, isbn, checkout_date, checkin_date) values (2018, '96-42103-10206', '2016-03-05', '2016-03-11');
insert into borrowed (member_id, isbn, checkout_date, checkin_date) values (2018, '96-42103-10709', '2016-04-20', '2016-04-25');
insert into borrowed (member_id, isbn, checkout_date, checkin_date) values (2018, '96-42103-10206', '2016-05-12', '2016-05-17');
insert into borrowed (member_id, isbn, checkout_date, checkin_date) values (2019, '96-42103-10009', '2016-03-11', '2016-03-12');
insert into borrowed (member_id, isbn, checkout_date, checkin_date) values (2020, '96-42103-10022', '2016-04-09', '2016-04-10');
insert into borrowed (member_id, isbn, checkout_date, checkin_date) values (2020, '96-42103-10206', '2016-05-13', '2016-05-18');
insert into borrowed (member_id, isbn, checkout_date, checkin_date) values (2020, '96-42103-10093', '2016-04-08', '2016-04-12');
insert into borrowed (member_id, isbn, checkout_date, checkin_date) values (2020, '96-42103-10401', '2016-05-29', null);
insert into borrowed (member_id, isbn, checkout_date, checkin_date) values (2021, '96-42103-10033', '2016-03-14', '2016-03-16');
insert into borrowed (member_id, isbn, checkout_date, checkin_date) values (2021, '96-42103-10001', '2016-05-21', '2016-05-26');
insert into borrowed (member_id, isbn, checkout_date, checkin_date) values (2021, '96-42103-10054', '2016-04-29', '2016-04-30');
insert into borrowed (member_id, isbn, checkout_date, checkin_date) values (2022, '96-42103-10009', '2016-03-25', '2016-03-29');
insert into borrowed (member_id, isbn, checkout_date, checkin_date) values (2022, '96-42103-10011', '2016-05-03', '2016-05-06');
insert into borrowed (member_id, isbn, checkout_date, checkin_date) values (2022, '96-42103-10109', '2016-04-16', '2016-04-21');
insert into borrowed (member_id, isbn, checkout_date, checkin_date) values (2022, '96-42103-11003', '2016-06-01', null);
insert into borrowed (member_id, isbn, checkout_date, checkin_date) values (2022, '96-42103-10081', '2016-03-26', '2016-03-30');
insert into borrowed (member_id, isbn, checkout_date, checkin_date) values (2022, '96-42103-10093', '2016-03-27', '2016-03-29');
insert into borrowed (member_id, isbn, checkout_date, checkin_date) values (2022, '96-42103-10502', '2016-03-26', '2016-04-01');
insert into borrowed (member_id, isbn, checkout_date, checkin_date) values (2022, '96-42103-10003', '2016-05-06', '2016-05-09');
